Gruppe,ValgstedId,KredsNr,StorKredsNr,LandsdelsNr,Stemmeberettigede,GyldigeStemmer
101001,101001,1,1,1,13791,9612
101002,101002,1,1,1,5711,3951
101003,101003,1,1,1,14165,10058
101005,101005,1,1,1,10867,7220
101006,101006,1,1,1,9623,6556
101007,101007,2,1,1,12955,8027
101008,101008,2,1,1,12595,7916
101009,101009,2,1,1,9402,6083
101010,101010,2,1,1,10020,7222
101011,101011,3,1,1,14046,8259
101012,101012,3,1,1,6288,4850
101013,101013,3,1,1,9260,6370
101014,101014,3,1,1,11505,7866
101016,101016,4,1,1,8575,5236
101017,101017,4,1,1,14396,8856
101018,101018,4,1,1,8160,5312
101019,101019,4,1,1,8795,5845
101020,101020,5,1,1,10296,6828
101021,101021,5,1,1,13722,8567
101022,101022,5,1,1,5892,3868
101023,101023,5,1,1,5449,3842
101024,101024,5,1,1,6982,4848
101025,101025,5,1,1,10134,6851
101026,101026,5,1,1,3259,2078
101027,101027,6,1,1,15461,8927
101028,101028,6,1,1,7335,4520
101029,101029,6,1,1,4054,2516
101030,101030,6,1,1,9471,5875
101031,101031,7,1,1,3823,2762
101032,101032,7,1,1,2242,918
101033,101033,7,1,1,7154,4803
101034,101034,7,1,1,7862,5258
101035,101035,7,1,1,6102,3438
101036,101036,7,1,1,8005,5457
101039,101039,7,1,1,4404,3027
101040,101040,7,1,1,5142,3687
101041,101041,7,1,1,10227,6974
101042,101042,8,1,1,8138,5496
101043,101043,8,1,1,8607,5946
101044,101044,8,1,1,4557,2787
101046,101046,8,1,1,4815,2901
101047,101047,8,1,1,3752,2387
101048,101048,8,1,1,6247,4165
101049,101049,9,1,1,7070,5134
101050,101050,9,1,1,8231,5468
101051,101051,9,1,1,8558,5182
101052,101052,9,1,1,6310,4471
101053,101053,9,1,1,5428,3781
101054,101054,9,1,1,2982,1880
101055,101055,9,1,1,4310,2963
147001,147001,10,1,1,8228,6148
147002,147002,10,1,1,8478,6456
147003,147003,10,1,1,10969,7903
147004,147004,10,1,1,10157,7316
147005,147005,11,1,1,10179,6974
147006,147006,11,1,1,8917,6263
147007,147007,11,1,1,9882,6862
147008,147008,11,1,1,8002,5856
151001,151001,20,2,1,4230,2923
151002,151002,20,2,1,6155,4039
151003,151003,20,2,1,2661,2088
151004,151004,20,2,1,2774,1879
151005,151005,20,2,1,3684,2977
151006,151006,20,2,1,5487,3727
151008,151008,20,2,1,4093,3061
151009,151009,20,2,1,3230,2593
151010,151010,20,2,1,2085,1665
153001,153001,18,2,1,3250,2417
153002,153002,18,2,1,3543,2235
153003,153003,18,2,1,3041,2070
153004,153004,18,2,1,5496,3651
153005,153005,18,2,1,8398,4934
155001,155001,12,1,1,3819,2966
155004,155004,12,1,1,6327,4866
157001,157001,13,2,1,5330,4050
157002,157002,13,2,1,4465,3412
157003,157003,13,2,1,5303,3703
157004,157004,13,2,1,5280,3613
157005,157005,13,2,1,4972,3860
157006,157006,13,2,1,5596,4439
157007,157007,13,2,1,6029,4522
157008,157008,13,2,1,4363,3313
157009,157009,13,2,1,5025,3879
157010,157010,13,2,1,4591,3374
159001,159001,15,2,1,4837,3564
159002,159002,15,2,1,6212,4415
159003,159003,15,2,1,5948,3951
159004,159004,15,2,1,6378,4425
159005,159005,15,2,1,6307,4190
159006,159006,15,2,1,6079,4599
159007,159007,15,2,1,3800,2821
159008,159008,15,2,1,4426,3078
159009,159009,15,2,1,2337,1451
161001,161001,20,2,1,2292,1762
161002,161002,20,2,1,2525,1695
161003,161003,20,2,1,4213,2579
161004,161004,20,2,1,2971,1862
161005,161005,20,2,1,1454,1174
161006,161006,20,2,1,2650,1881
163001,163001,16,2,1,7031,4577
163002,163002,16,2,1,6331,4873
163003,163003,16,2,1,6491,4242
165001,165001,19,2,1,4463,3228
165002,165002,19,2,1,3233,2396
165003,165003,19,2,1,3074,1839
165004,165004,19,2,1,3235,2083
165005,165005,19,2,1,4391,3015
167001,167001,17,2,1,4055,2896
167002,167002,17,2,1,3283,2203
167003,167003,17,2,1,4340,2926
167004,167004,17,2,1,4655,3337
167005,167005,17,2,1,5080,3709
167006,167006,17,2,1,5184,3665
167007,167007,17,2,1,5573,3751
167008,167008,17,2,1,4653,2801
169001,169001,19,2,1,2359,1340
169002,169002,19,2,1,3237,2224
169003,169003,19,2,1,2457,1875
169004,169004,19,2,1,2118,1546
169005,169005,19,2,1,1617,1272
169006,169006,19,2,1,4128,2382
169007,169007,19,2,1,3229,2183
169008,169008,19,2,1,2790,1813
169009,169009,19,2,1,1900,1406
169010,169010,19,2,1,1883,1129
169011,169011,19,2,1,3440,2503
169012,169012,19,2,1,2985,2322
169013,169013,19,2,1,624,505
173001,173001,14,2,1,4792,3313
173002,173002,14,2,1,4303,3005
173003,173003,14,2,1,4626,3239
173004,173004,14,2,1,4987,3685
173005,173005,14,2,1,1094,887
173006,173006,14,2,1,4729,3842
173007,173007,14,2,1,3496,2811
173008,173008,14,2,1,3855,2866
173009,173009,14,2,1,2184,1844
173010,173010,14,2,1,4506,3298
175001,175001,16,2,1,3099,2234
175003,175003,16,2,1,5780,4033
175004,175004,16,2,1,3731,2223
175005,175005,16,2,1,6224,4224
175007,175007,16,2,1,4200,2901
175008,175008,16,2,1,3991,2878
183001,183001,18,2,1,1275,950
183002,183002,18,2,1,2632,1860
183003,183003,18,2,1,3540,2180
183004,183004,18,2,1,2639,1151
183005,183005,18,2,1,3472,2314
185001,185001,12,1,1,4528,3371
185002,185002,12,1,1,5125,3901
185003,185003,12,1,1,4831,3341
185004,185004,12,1,1,4084,2797
185005,185005,12,1,1,3622,2661
185006,185006,12,1,1,8502,5851
187001,187001,18,2,1,3348,2143
187002,187002,18,2,1,3119,2424
187003,187003,18,2,1,3873,2867
190001,190001,25,3,1,7154,5568
190002,190002,25,3,1,2559,2142
190003,190003,25,3,1,3468,2907
190004,190004,25,3,1,894,720
190005,190005,25,3,1,4133,3341
190006,190006,25,3,1,5594,4311
190007,190007,25,3,1,3805,2472
201001,201001,26,3,1,1909,1616
201002,201002,26,3,1,3605,2782
201003,201003,26,3,1,4169,3364
201004,201004,26,3,1,3696,2914
201005,201005,26,3,1,4140,3344
210001,210001,22,3,1,4538,3345
210002,210002,22,3,1,3365,2636
210003,210003,22,3,1,3468,2566
210004,210004,22,3,1,3571,2731
210005,210005,22,3,1,6599,4808
210007,210007,22,3,1,2881,2165
210008,210008,22,3,1,869,701
210009,210009,22,3,1,2662,1971
217001,217001,21,3,1,9660,6332
217002,217002,21,3,1,7187,4699
217003,217003,21,3,1,5506,3542
217004,217004,21,3,1,4254,3281
217005,217005,21,3,1,3934,2907
217006,217006,21,3,1,1043,800
217007,217007,21,3,1,1253,935
217008,217008,21,3,1,866,627
217009,217009,21,3,1,3637,2783
217010,217010,21,3,1,3296,2587
217011,217011,21,3,1,4907,3759
219001,219001,23,3,1,6441,4541
219002,219002,23,3,1,4563,3395
219003,219003,23,3,1,644,533
219004,219004,23,3,1,1150,968
219005,219005,23,3,1,1753,1353
219006,219006,23,3,1,3925,2889
219007,219007,23,3,1,1492,1147
219008,219008,23,3,1,829,682
219009,219009,23,3,1,3147,2439
219010,219010,23,3,1,5063,3488
219011,219011,23,3,1,1538,1163
219012,219012,23,3,1,2803,2043
219013,219013,23,3,1,944,729
219014,219014,23,3,1,978,787
223001,223001,22,3,1,4696,3631
223002,223002,22,3,1,4816,3699
223003,223003,22,3,1,3295,2643
223004,223004,22,3,1,316,259
223005,223005,22,3,1,5019,3651
230001,230001,26,3,1,4879,3754
230003,230003,26,3,1,4818,3798
230004,230004,26,3,1,3821,2832
230005,230005,26,3,1,5271,3986
230006,230006,26,3,1,2461,2013
230007,230007,26,3,1,5650,4436
230008,230008,26,3,1,3899,3091
230009,230009,26,3,1,2919,2289
230010,230010,26,3,1,5371,4229
240001,240001,25,3,1,871,652
240002,240002,25,3,1,7172,5563
240003,240003,25,3,1,4650,3514
240004,240004,25,3,1,1459,1161
240005,240005,25,3,1,2568,2070
240006,240006,25,3,1,1207,998
240007,240007,25,3,1,4873,3724
240008,240008,25,3,1,4545,3412
240009,240009,25,3,1,3077,2351
250001,250001,24,3,1,8543,6174
250002,250002,24,3,1,6313,4445
250003,250003,24,3,1,5901,4408
250004,250004,24,3,1,6522,4736
250005,250005,24,3,1,6247,4477
253001,253001,35,5,2,2955,1956
253002,253002,35,5,2,5411,4103
253003,253003,35,5,2,7874,5802
253004,253004,35,5,2,3846,3023
253005,253005,35,5,2,6110,4584
253006,253006,35,5,2,5086,3897
253007,253007,35,5,2,3994,2434
259001,259001,34,5,2,3390,2454
259002,259002,34,5,2,4239,2818
259003,259003,34,5,2,708,545
259004,259004,34,5,2,1621,1202
259005,259005,34,5,2,3984,2625
259006,259006,34,5,2,3144,2284
259007,259007,34,5,2,2527,1789
259008,259008,34,5,2,1055,787
259009,259009,34,5,2,4088,2936
259010,259010,34,5,2,3897,2836
259011,259011,34,5,2,2615,1847
259012,259012,34,5,2,4407,3359
259013,259013,34,5,2,2802,2140
259014,259014,34,5,2,962,733
259015,259015,34,5,2,2558,1859
259016,259016,34,5,2,1268,983
260001,260001,24,3,1,7501,5493
260002,260002,24,3,1,3043,2153
260003,260003,24,3,1,7198,4761
260004,260004,24,3,1,2463,1772
260005,260005,24,3,1,3194,2388
265001,265001,36,5,2,4411,3090
265002,265002,36,5,2,4319,3364
265003,265003,36,5,2,6236,4355
265004,265004,36,5,2,3652,2421
265005,265005,36,5,2,5187,3427
265006,265006,36,5,2,5825,4595
265007,265007,36,5,2,3323,2646
265008,265008,36,5,2,1818,1436
265009,265009,36,5,2,903,677
265010,265010,36,5,2,5255,3266
265011,265011,36,5,2,2515,1921
265013,265013,36,5,2,4642,3564
265014,265014,36,5,2,2061,1655
265015,265015,36,5,2,2755,2192
265016,265016,36,5,2,1725,1381
265017,265017,36,5,2,3249,2513
265018,265018,36,5,2,843,661
265020,265020,36,5,2,1225,976
265021,265021,36,5,2,2718,1902
269001,269001,35,5,2,3340,2567
269004,269004,35,5,2,5141,3939
269005,269005,35,5,2,7219,5436
270001,270001,23,3,1,3657,2673
270002,270002,23,3,1,2428,1742
270003,270003,23,3,1,400,322
270004,270004,23,3,1,3702,2701
270005,270005,23,3,1,1673,1329
270006,270006,23,3,1,5202,3805
270007,270007,23,3,1,1240,911
270008,270008,23,3,1,5842,4158
270009,270009,23,3,1,811,645
270010,270010,23,3,1,2311,1766
270011,270011,23,3,1,2299,1740
270012,270012,23,3,1,1505,1190
306001,306001,38,5,2,3145,2226
306002,306002,38,5,2,3001,2164
306003,306003,38,5,2,1972,1393
306004,306004,38,5,2,2563,1844
306005,306005,38,5,2,1101,825
306006,306006,38,5,2,2485,1772
306007,306007,38,5,2,4897,3438
306008,306008,38,5,2,1346,1084
306010,306010,38,5,2,1140,847
306011,306011,38,5,2,3043,2177
306012,306012,38,5,2,560,433
306013,306013,38,5,2,838,609
316001,316001,37,5,2,7093,4950
316002,316002,37,5,2,7354,4700
316003,316003,37,5,2,4444,3033
316004,316004,37,5,2,3121,2386
316005,316005,37,5,2,3133,2277
316006,316006,37,5,2,1834,1419
316007,316007,37,5,2,3593,2726
316008,316008,37,5,2,2630,1959
316009,316009,37,5,2,3042,2206
316010,316010,37,5,2,2496,1814
316011,316011,37,5,2,3812,2576
316012,316012,37,5,2,3140,2224
316013,316013,37,5,2,2733,1885
316014,316014,37,5,2,2569,1834
316015,316015,37,5,2,721,560
320001,320001,33,5,2,5445,3945
320002,320002,33,5,2,6043,4257
320003,320003,33,5,2,3605,2473
320004,320004,33,5,2,3125,2238
320005,320005,33,5,2,3067,2219
320006,320006,33,5,2,2667,1998
320007,320007,33,5,2,2792,2001
326001,326001,38,5,2,2713,1979
326002,326002,38,5,2,307,256
326003,326003,38,5,2,3415,2430
326004,326004,38,5,2,2360,1679
326005,326005,38,5,2,1379,1010
326006,326006,38,5,2,506,404
326007,326007,38,5,2,938,716
326008,326008,38,5,2,2405,1704
326009,326009,38,5,2,3850,2645
326010,326010,38,5,2,1383,1009
326011,326011,38,5,2,1087,812
326012,326012,38,5,2,3059,2029
326013,326013,38,5,2,2726,1737
326014,326014,38,5,2,1249,901
326015,326015,38,5,2,2661,1884
326016,326016,38,5,2,3377,2479
326017,326017,38,5,2,665,502
326018,326018,38,5,2,3131,1994
329001,329001,39,5,2,7972,5371
329002,329002,39,5,2,616,469
329003,329003,39,5,2,588,452
329004,329004,39,5,2,3837,2806
329005,329005,39,5,2,994,752
329006,329006,39,5,2,4356,2887
329008,329008,39,5,2,1081,859
329009,329009,39,5,2,979,738
329010,329010,39,5,2,984,776
329011,329011,39,5,2,534,418
329012,329012,39,5,2,844,643
329013,329013,39,5,2,1011,754
329014,329014,39,5,2,677,520
330001,330001,40,5,2,1398,1017
330002,330002,40,5,2,966,724
330003,330003,40,5,2,1250,921
330004,330004,40,5,2,1422,1045
330005,330005,40,5,2,5905,4163
330006,330006,40,5,2,5553,3545
330007,330007,40,5,2,1888,1462
330008,330008,40,5,2,2568,1900
330009,330009,40,5,2,4864,3184
330010,330010,40,5,2,1304,1026
330011,330011,40,5,2,2914,2096
330012,330012,40,5,2,155,118
330013,330013,40,5,2,1064,797
330014,330014,40,5,2,468,366
330015,330015,40,5,2,2145,1493
330016,330016,40,5,2,379,273
330017,330017,40,5,2,140,102
330018,330018,40,5,2,582,444
330019,330019,40,5,2,5408,3124
330020,330020,40,5,2,4197,2901
330021,330021,40,5,2,4900,3512
330022,330022,40,5,2,5939,3651
330024,330024,40,5,2,1037,767
330025,330025,40,5,2,1989,1544
330026,330026,40,5,2,441,349
336001,336001,33,5,2,4289,3149
336002,336002,33,5,2,5261,3979
336003,336003,33,5,2,4502,3244
336004,336004,33,5,2,2957,2248
340001,340001,39,5,2,4417,2981
340002,340002,39,5,2,1509,1072
340004,340004,39,5,2,1442,1049
340005,340005,39,5,2,4060,2953
340006,340006,39,5,2,3524,2731
340008,340008,39,5,2,3001,2152
340010,340010,39,5,2,4240,2943
350001,350001,34,5,2,2945,2241
350002,350002,34,5,2,1929,1462
350003,350003,34,5,2,1267,996
350004,350004,34,5,2,1117,869
350005,350005,34,5,2,953,729
350006,350006,34,5,2,3320,2560
350008,350008,34,5,2,2192,1736
350009,350009,34,5,2,2138,1720
350011,350011,34,5,2,1894,1534
350012,350012,34,5,2,2324,1761
360001,360001,29,5,2,641,483
360003,360003,29,5,2,2073,1435
360008,360008,29,5,2,792,562
360011,360011,29,5,2,1714,1212
360013,360013,29,5,2,5238,3671
360014,360014,29,5,2,44,40
360019,360019,29,5,2,2678,1883
360020,360020,29,5,2,6824,4415
360021,360021,29,5,2,4257,2900
360026,360026,29,5,2,425,299
360027,360027,29,5,2,355,284
360028,360028,29,5,2,112,98
360029,360029,29,5,2,1848,1211
360035,360035,29,5,2,2251,1548
360036,360036,29,5,2,2959,2007
360037,360037,29,5,2,1343,818
370001,370001,32,5,2,3394,2382
370002,370002,32,5,2,809,613
370003,370003,32,5,2,1612,1121
370004,370004,32,5,2,1907,1433
370005,370005,32,5,2,734,585
370006,370006,32,5,2,1981,1459
370007,370007,32,5,2,1261,925
370008,370008,32,5,2,3684,2738
370009,370009,32,5,2,1098,878
370010,370010,32,5,2,1287,929
370011,370011,32,5,2,2416,1919
370012,370012,32,5,2,421,322
370013,370013,32,5,2,514,389
370014,370014,32,5,2,2495,1811
370020,370020,32,5,2,3642,2588
370021,370021,32,5,2,3088,1940
370022,370022,32,5,2,4340,2650
370023,370023,32,5,2,4667,3253
370024,370024,32,5,2,5027,3526
370025,370025,32,5,2,2764,1921
370026,370026,32,5,2,2634,2003
370027,370027,32,5,2,4369,2927
370028,370028,32,5,2,3622,2376
370029,370029,32,5,2,655,508
370031,370031,32,5,2,1479,1059
370032,370032,32,5,2,2046,1627
376001,376001,30,5,2,3707,2250
376002,376002,30,5,2,3195,2208
376003,376003,30,5,2,2870,1930
376004,376004,30,5,2,3384,2343
376005,376005,30,5,2,2075,1572
376006,376006,30,5,2,1510,1090
376007,376007,30,5,2,2658,2019
376008,376008,30,5,2,2450,1747
376009,376009,30,5,2,1366,1013
376010,376010,30,5,2,2522,1780
376011,376011,30,5,2,1842,1328
376012,376012,30,5,2,2105,1510
376013,376013,30,5,2,4628,3098
376014,376014,30,5,2,1343,975
376015,376015,30,5,2,952,657
376016,376016,30,5,2,3046,2218
376017,376017,30,5,2,2484,1810
376018,376018,30,5,2,1582,1176
376019,376019,30,5,2,2793,2159
376020,376020,30,5,2,1155,856
390001,390001,31,5,2,4294,2990
390002,390002,31,5,2,3237,2328
390003,390003,31,5,2,2256,1706
390004,390004,31,5,2,2072,1467
390005,390005,31,5,2,930,688
390006,390006,31,5,2,2953,2090
390007,390007,31,5,2,1595,1204
390008,390008,31,5,2,4444,3236
390009,390009,31,5,2,1328,984
390010,390010,31,5,2,1819,1379
390011,390011,31,5,2,890,712
390012,390012,31,5,2,3346,2437
390013,390013,31,5,2,922,705
390014,390014,31,5,2,620,485
390015,390015,31,5,2,1465,1108
390016,390016,31,5,2,1703,1296
390017,390017,31,5,2,1544,1141
400001,400001,28,4,1,2788,1934
400002,400002,28,4,1,2333,1645
400003,400003,28,4,1,1692,1282
400004,400004,28,4,1,3543,2330
400005,400005,28,4,1,1327,968
400006,400006,28,4,1,4229,2941
400007,400007,27,4,1,1967,1378
400008,400008,27,4,1,11154,7521
400009,400009,27,4,1,2254,1658
410001,410001,45,6,2,5114,3732
410002,410002,45,6,2,5063,3825
410003,410003,45,6,2,3356,2700
410004,410004,45,6,2,1970,1427
410005,410005,45,6,2,1055,776
410006,410006,45,6,2,2787,2001
410007,410007,45,6,2,1459,1114
410008,410008,45,6,2,2254,1635
410009,410009,45,6,2,2054,1468
410010,410010,45,6,2,1987,1470
410011,410011,45,6,2,1258,927
411001,411001,28,4,1,63,52
420001,420001,44,6,2,5371,3748
420002,420002,44,6,2,1317,971
420003,420003,44,6,2,660,518
420004,420004,44,6,2,689,528
420005,420005,44,6,2,188,160
420007,420007,44,6,2,743,567
420008,420008,44,6,2,1964,1471
420009,420009,44,6,2,834,629
420010,420010,44,6,2,379,282
420011,420011,44,6,2,410,292
420012,420012,44,6,2,638,511
420013,420013,44,6,2,2579,1898
420014,420014,44,6,2,526,390
420015,420015,44,6,2,1280,998
420016,420016,44,6,2,1479,1094
420017,420017,44,6,2,1799,1360
420018,420018,44,6,2,881,656
420019,420019,44,6,2,377,291
420020,420020,44,6,2,4506,3337
420021,420021,44,6,2,2571,1860
420022,420022,44,6,2,524,411
420023,420023,44,6,2,595,472
420024,420024,44,6,2,600,448
430001,430001,48,6,2,1236,961
430002,430002,48,6,2,1052,747
430003,430003,48,6,2,1519,1148
430004,430004,48,6,2,829,616
430005,430005,48,6,2,96,82
430007,430007,48,6,2,6395,4688
430008,430008,48,6,2,1531,1205
430009,430009,48,6,2,1609,1127
430010,430010,48,6,2,90,67
430011,430011,48,6,2,1695,1299
430012,430012,48,6,2,1385,1018
430013,430013,48,6,2,1095,784
430014,430014,48,6,2,1107,794
430015,430015,48,6,2,5688,4086
430016,430016,48,6,2,840,652
430017,430017,48,6,2,1623,1135
430018,430018,48,6,2,1785,1230
430019,430019,48,6,2,1759,1356
430020,430020,48,6,2,2723,2053
430021,430021,48,6,2,1410,1071
430022,430022,48,6,2,3189,2432
440001,440001,46,6,2,1619,1259
440002,440002,46,6,2,5158,3812
440004,440004,46,6,2,1724,1309
440005,440005,46,6,2,1605,1208
440006,440006,46,6,2,3360,2475
440007,440007,46,6,2,4556,3331
450001,450001,46,6,2,1323,1014
450002,450002,46,6,2,6273,4367
450003,450003,46,6,2,5095,3745
450004,450004,46,6,2,2464,1852
450005,450005,46,6,2,814,598
450006,450006,46,6,2,2265,1676
450007,450007,46,6,2,386,296
450008,450008,46,6,2,453,363
450009,450009,46,6,2,702,533
450010,450010,46,6,2,1403,971
450011,450011,46,6,2,1067,835
450012,450012,46,6,2,1009,758
450013,450013,46,6,2,904,685
461001,461001,41,6,2,9224,5756
461002,461002,41,6,2,8081,5449
461003,461003,41,6,2,3096,2001
461004,461004,41,6,2,7882,5198
461005,461005,41,6,2,5384,3155
461006,461006,41,6,2,2167,1640
461007,461007,41,6,2,4419,3022
461009,461009,41,6,2,2589,1818
461011,461011,42,6,2,8153,5286
461012,461012,42,6,2,7747,4756
461013,461013,42,6,2,916,712
461014,461014,42,6,2,4828,3506
461016,461016,42,6,2,3168,2256
461017,461017,42,6,2,4963,3644
461018,461018,42,6,2,4483,3428
461019,461019,42,6,2,3668,2585
461020,461020,42,6,2,3602,2703
461021,461021,42,6,2,2259,1656
461023,461023,43,6,2,9819,6610
461024,461024,43,6,2,4139,3247
461025,461025,43,6,2,6140,4085
461026,461026,43,6,2,8326,6108
461028,461028,43,6,2,3822,2924
461029,461029,43,6,2,4879,3458
461030,461030,43,6,2,7030,4928
461031,461031,43,6,2,2455,1920
461032,461032,43,6,2,729,571
461033,461033,43,6,2,3871,2835
461035,461035,41,6,2,5506,2465
461036,461036,41,6,2,3581,2434
479001,479001,47,6,2,11402,7688
479002,479002,47,6,2,2631,1721
479003,479003,47,6,2,5163,3490
479004,479004,47,6,2,814,616
479005,479005,47,6,2,3125,2461
479006,479006,47,6,2,56,46
479007,479007,47,6,2,1965,1574
479008,479008,47,6,2,814,631
479009,479009,47,6,2,2018,1537
479010,479010,47,6,2,2750,2214
479011,479011,47,6,2,2211,1642
479014,479014,47,6,2,1011,781
479016,479016,47,6,2,1625,1219
479017,479017,47,6,2,1956,1367
479019,479019,47,6,2,2145,1607
479021,479021,47,6,2,954,711
479023,479023,47,6,2,1214,895
479025,479025,47,6,2,1103,802
479027,479027,47,6,2,1442,1104
480001,480001,45,6,2,3095,2266
480002,480002,45,6,2,746,540
480003,480003,45,6,2,1257,882
480004,480004,45,6,2,973,736
480005,480005,45,6,2,1558,1116
480006,480006,45,6,2,3910,2798
480007,480007,45,6,2,999,760
480008,480008,45,6,2,943,737
480009,480009,45,6,2,1075,778
480010,480010,45,6,2,1008,745
480011,480011,45,6,2,1990,1554
480012,480012,45,6,2,1175,860
480013,480013,45,6,2,3173,2184
482001,482001,47,6,2,802,543
482002,482002,47,6,2,1335,944
482003,482003,47,6,2,971,646
482005,482005,47,6,2,4076,2830
482006,482006,47,6,2,136,112
482007,482007,47,6,2,1425,968
482008,482008,47,6,2,531,394
482010,482010,47,6,2,920,651
492001,492001,48,6,2,2433,1737
492002,492002,48,6,2,1736,1233
492003,492003,48,6,2,920,649
510001,510001,61,7,2,2297,1630
510002,510002,61,7,2,679,495
510003,510003,61,7,2,218,142
510004,510004,61,7,2,286,200
510005,510005,61,7,2,2619,1895
510006,510006,61,7,2,2343,1614
510007,510007,61,7,2,3387,2186
510008,510008,61,7,2,3107,2272
510009,510009,61,7,2,1092,803
510010,510010,61,7,2,2383,1629
510011,510011,61,7,2,1843,1279
510012,510012,61,7,2,396,313
510013,510013,61,7,2,942,678
510014,510014,61,7,2,2060,1586
510015,510015,61,7,2,554,427
510016,510016,61,7,2,375,293
510017,510017,61,7,2,323,260
510018,510018,61,7,2,1230,945
510019,510019,61,7,2,1097,858
510020,510020,61,7,2,141,107
510021,510021,61,7,2,659,514
510022,510022,61,7,2,540,412
510024,510024,61,7,2,965,702
510025,510025,61,7,2,989,719
510026,510026,61,7,2,2711,1975
510028,510028,61,7,2,2549,1742
510029,510029,61,7,2,792,587
510030,510030,61,7,2,1148,886
510031,510031,61,7,2,401,309
510032,510032,61,7,2,543,426
510033,510033,61,7,2,880,623
510034,510034,61,7,2,447,326
510035,510035,61,7,2,632,482
510036,510036,61,7,2,1038,727
530001,530001,55,7,2,4687,3481
530002,530002,55,7,2,1682,1235
530003,530003,55,7,2,1606,1177
530004,530004,55,7,2,782,570
530005,530005,55,7,2,706,534
530006,530006,55,7,2,7985,5517
530007,530007,55,7,2,1532,1110
540001,540001,49,7,2,4382,3202
540002,540002,49,7,2,2116,1521
540003,540003,49,7,2,2796,2073
540004,540004,49,7,2,1906,1417
540005,540005,49,7,2,2962,2176
540006,540006,49,7,2,2467,1887
540007,540007,49,7,2,1887,1391
540008,540008,49,7,2,401,315
540009,540009,49,7,2,6418,4412
540010,540010,49,7,2,5603,3768
540011,540011,49,7,2,5679,3739
540012,540012,49,7,2,4419,3341
540013,540013,49,7,2,2340,1776
540014,540014,49,7,2,1381,1046
540015,540015,49,7,2,3417,2556
540016,540016,49,7,2,5916,4247
540017,540017,49,7,2,682,526
550001,550001,51,7,2,1433,1005
550002,550002,51,7,2,526,365
550003,550003,51,7,2,425,312
550004,550004,51,7,2,1333,960
550007,550007,51,7,2,456,326
550008,550008,51,7,2,864,674
550012,550012,51,7,2,2540,1747
550014,550014,51,7,2,990,690
550015,550015,51,7,2,593,431
550016,550016,51,7,2,668,477
550017,550017,51,7,2,1579,1147
550018,550018,51,7,2,553,418
550019,550019,51,7,2,404,295
550021,550021,51,7,2,510,358
550023,550023,51,7,2,3073,2243
550024,550024,51,7,2,771,556
550025,550025,51,7,2,6085,4185
550027,550027,51,7,2,824,610
550029,550029,51,7,2,748,546
550051,550051,51,7,2,437,327
550061,550061,51,7,2,2810,1930
550071,550071,51,7,2,496,363
561002,561002,52,7,2,10069,6317
561003,561003,52,7,2,2255,1358
561004,561004,52,7,2,3438,2321
561005,561005,52,7,2,4692,2959
561006,561006,52,7,2,4795,3277
561007,561007,52,7,2,3624,2472
561008,561008,53,7,2,1559,1157
561011,561011,52,7,2,3115,2200
561012,561012,53,7,2,2481,1813
561015,561015,52,7,2,5445,3993
561016,561016,53,7,2,5691,4203
561017,561017,53,7,2,1064,759
561020,561020,53,7,2,2499,1893
561021,561021,52,7,2,2802,1702
561022,561022,52,7,2,2613,1775
561023,561023,52,7,2,2966,2182
561024,561024,53,7,2,2813,2051
561025,561025,53,7,2,7853,5565
561028,561028,53,7,2,8519,5973
561032,561032,53,7,2,1480,1094
561033,561033,53,7,2,2061,1456
561035,561035,53,7,2,34,24
561038,561038,53,7,2,1231,856
561040,561040,53,7,2,2696,1838
563001,563001,52,7,2,2270,1728
563002,563002,52,7,2,258,210
573001,573001,54,7,2,10600,7136
573004,573004,54,7,2,826,648
573005,573005,54,7,2,570,433
573006,573006,54,7,2,636,480
573007,573007,54,7,2,1126,885
573008,573008,54,7,2,821,621
573009,573009,54,7,2,997,759
573010,573010,54,7,2,956,668
573013,573013,54,7,2,1755,1260
573014,573014,54,7,2,575,412
573015,573015,54,7,2,1163,868
573018,573018,54,7,2,2787,2062
573019,573019,54,7,2,434,350
573022,573022,54,7,2,896,670
573023,573023,54,7,2,1223,919
573024,573024,54,7,2,499,356
573026,573026,54,7,2,1066,790
573027,573027,54,7,2,800,562
573028,573028,54,7,2,1004,761
573030,573030,54,7,2,4407,3251
573031,573031,54,7,2,1501,1083
573032,573032,54,7,2,1387,1014
573033,573033,54,7,2,613,455
575001,575001,55,7,2,4120,2945
575002,575002,55,7,2,625,447
575003,575003,55,7,2,2683,1882
575004,575004,55,7,2,863,638
575005,575005,55,7,2,940,683
575006,575006,55,7,2,412,302
575007,575007,55,7,2,2635,1874
575008,575008,55,7,2,689,491
575009,575009,55,7,2,1871,1402
575010,575010,55,7,2,544,412
575011,575011,55,7,2,1327,981
575012,575012,55,7,2,339,265
575013,575013,55,7,2,612,465
575014,575014,55,7,2,6605,4544
575015,575015,55,7,2,510,414
575016,575016,55,7,2,2191,1691
575017,575017,55,7,2,1074,838
575018,575018,55,7,2,1113,878
575019,575019,55,7,2,1581,1112
580001,580001,50,7,2,646,476
580002,580002,50,7,2,643,502
580003,580003,50,7,2,5102,3706
580004,580004,50,7,2,3304,2489
580005,580005,50,7,2,1434,1071
580006,580006,50,7,2,661,480
580007,580007,50,7,2,1681,1181
580008,580008,50,7,2,1735,1312
580009,580009,50,7,2,1620,1194
580010,580010,50,7,2,923,682
580011,580011,50,7,2,1902,1284
580012,580012,50,7,2,2541,1755
580013,580013,50,7,2,1638,1228
580014,580014,50,7,2,3010,2153
580015,580015,50,7,2,3580,2614
580016,580016,50,7,2,7085,4847
580017,580017,50,7,2,3002,2168
580018,580018,50,7,2,1932,1279
607001,607001,58,7,2,10818,7360
607002,607002,58,7,2,1138,935
607003,607003,58,7,2,7222,5599
607004,607004,58,7,2,597,464
607005,607005,58,7,2,4031,3087
607006,607006,58,7,2,7464,4848
607007,607007,58,7,2,1441,1150
607008,607008,58,7,2,4712,2977
615001,615001,71,8,3,4602,2778
615002,615002,71,8,3,4601,2845
615003,615003,71,8,3,7292,4507
615004,615004,71,8,3,148,126
615005,615005,71,8,3,4325,3020
615006,615006,71,8,3,6957,5141
615007,615007,71,8,3,4171,3185
615008,615008,71,8,3,2045,1570
615009,615009,71,8,3,1952,1442
615010,615010,71,8,3,2073,1599
615011,615011,71,8,3,4606,3695
615012,615012,71,8,3,2674,2071
615013,615013,71,8,3,3543,2582
615014,615014,71,8,3,1351,1016
615015,615015,71,8,3,836,624
615016,615016,71,8,3,2525,1837
615017,615017,71,8,3,1952,1475
615018,615018,71,8,3,2488,1857
615019,615019,71,8,3,1371,1091
615020,615020,71,8,3,543,440
615021,615021,71,8,3,1285,717
615022,615022,71,8,3,396,310
621001,621001,59,7,2,5665,3626
621002,621002,59,7,2,3606,2052
621003,621003,59,7,2,4205,2806
621004,621004,59,7,2,5909,4589
621005,621005,59,7,2,4025,2980
621006,621006,59,7,2,3484,2657
621007,621007,59,7,2,4183,3106
621008,621008,60,7,2,4530,2845
621009,621009,60,7,2,6494,4293
621010,621010,60,7,2,4400,3331
621011,621011,60,7,2,3218,2430
621012,621012,60,7,2,3336,2476
621013,621013,60,7,2,2178,1629
621014,621014,60,7,2,5467,3834
621015,621015,60,7,2,5088,3656
630001,630001,57,7,2,2329,1589
630002,630002,57,7,2,4323,3157
630003,630003,57,7,2,1588,1268
630004,630004,57,7,2,1687,1298
630005,630005,57,7,2,1427,1134
630006,630006,57,7,2,2692,1951
630007,630007,57,7,2,739,596
630008,630008,57,7,2,1494,1139
630009,630009,57,7,2,10987,6390
630010,630010,57,7,2,916,737
630011,630011,57,7,2,3585,2758
630012,630012,57,7,2,2604,2047
630013,630013,57,7,2,2091,1409
630014,630014,57,7,2,2287,1564
630015,630015,57,7,2,3238,2042
630016,630016,56,7,2,1648,1323
630017,630017,56,7,2,4434,3103
630018,630018,56,7,2,1729,1310
630019,630019,56,7,2,954,716
630020,630020,56,7,2,874,656
630021,630021,56,7,2,797,569
630022,630022,56,7,2,371,302
630023,630023,56,7,2,1251,921
630024,630024,56,7,2,3089,2306
630025,630025,56,7,2,1290,981
630026,630026,56,7,2,1059,809
630027,630027,56,7,2,1629,1258
630028,630028,56,7,2,1220,921
630029,630029,56,7,2,1146,894
630030,630030,56,7,2,4468,2946
630031,630031,56,7,2,928,706
630032,630032,56,7,2,6311,4803
630033,630033,56,7,2,1777,1246
630034,630034,56,7,2,3052,2281
657001,657001,80,9,3,19428,12519
657002,657002,80,9,3,1027,716
657005,657005,80,9,3,2453,1792
657006,657006,80,9,3,731,548
657007,657007,80,9,3,4214,3206
657008,657008,80,9,3,1743,1227
657009,657009,80,9,3,724,523
657011,657011,80,9,3,586,460
657013,657013,81,9,3,3020,2200
657014,657014,81,9,3,584,386
657015,657015,81,9,3,1224,813
657016,657016,81,9,3,880,665
657017,657017,81,9,3,6044,4456
657018,657018,81,9,3,530,392
657019,657019,81,9,3,689,511
657020,657020,81,9,3,357,246
657021,657021,81,9,3,671,526
657022,657022,81,9,3,713,577
657023,657023,81,9,3,3482,2675
657024,657024,81,9,3,3411,2541
657025,657025,81,9,3,941,682
657026,657026,81,9,3,4133,3068
657027,657027,81,9,3,3190,2334
657028,657028,81,9,3,372,289
657029,657029,81,9,3,1214,939
657030,657030,81,9,3,857,617
661001,661001,82,9,3,13988,9950
661002,661002,82,9,3,3414,2745
661003,661003,82,9,3,1627,1179
661004,661004,82,9,3,2882,2286
661005,661005,82,9,3,9942,7051
661006,661006,82,9,3,4278,3108
661007,661007,82,9,3,1481,1121
661008,661008,82,9,3,2514,1939
661009,661009,82,9,3,1548,1205
661010,661010,82,9,3,873,625
665001,665001,73,9,3,5345,3740
665002,665002,73,9,3,1940,1445
665003,665003,73,9,3,1595,1168
665004,665004,73,9,3,1518,1143
665005,665005,73,9,3,1071,747
665006,665006,73,9,3,1053,790
665007,665007,73,9,3,1600,1008
665008,665008,73,9,3,1402,1052
671001,671001,73,9,3,6212,4928
671002,671002,73,9,3,1655,1419
671003,671003,73,9,3,1283,1087
671004,671004,73,9,3,1352,1161
671005,671005,73,9,3,1461,1264
671006,671006,73,9,3,1627,1392
671007,671007,73,9,3,2441,1976
706001,706001,66,8,3,6869,4931
706002,706002,66,8,3,2989,2237
706003,706003,66,8,3,1726,1263
706004,706004,66,8,3,2580,1756
706005,706005,66,8,3,3575,2417
706006,706006,66,8,3,5326,3853
706007,706007,66,8,3,2690,1937
706008,706008,66,8,3,5713,4128
707001,707001,66,8,3,7889,5216
707002,707002,66,8,3,120,87
707003,707003,66,8,3,1994,1408
707004,707004,66,8,3,5579,3590
707005,707005,66,8,3,3074,2171
707006,707006,66,8,3,1691,1155
707007,707007,66,8,3,2504,1725
707008,707008,66,8,3,1989,1352
707009,707009,66,8,3,3150,2198
707010,707010,66,8,3,1404,957
710001,710001,69,8,3,3993,2918
710002,710002,69,8,3,2787,2061
710003,710003,69,8,3,1580,1211
710004,710004,69,8,3,5595,4092
710005,710005,69,8,3,1511,1149
710006,710006,69,8,3,3177,2402
710007,710007,69,8,3,3060,2395
710008,710008,69,8,3,1190,948
710009,710009,69,8,3,3044,2177
710010,710010,69,8,3,2739,1989
710011,710011,69,8,3,1514,1142
710012,710012,69,8,3,2038,1681
710013,710013,69,8,3,900,683
710014,710014,69,8,3,815,607
727001,727001,70,8,3,9157,6622
727002,727002,70,8,3,331,270
727003,727003,70,8,3,1295,1057
727004,727004,70,8,3,992,770
727005,727005,70,8,3,1532,1235
727006,727006,70,8,3,827,612
727007,727007,70,8,3,1011,758
727008,727008,70,8,3,959,712
727009,727009,70,8,3,112,104
727010,727010,70,8,3,98,70
730001,730001,68,8,3,2372,1711
730002,730002,68,8,3,1957,1473
730004,730004,68,8,3,650,507
730005,730005,67,8,3,1191,826
730006,730006,67,8,3,926,643
730007,730007,67,8,3,1161,832
730008,730008,67,8,3,1991,1421
730009,730009,67,8,3,1198,889
730010,730010,67,8,3,1081,769
730011,730011,67,8,3,3672,2594
730012,730012,67,8,3,2033,1502
730013,730013,67,8,3,2940,2278
730014,730014,67,8,3,1997,1452
730015,730015,67,8,3,670,492
730016,730016,68,8,3,891,634
730017,730017,68,8,3,1016,737
730021,730021,68,8,3,1863,1362
730024,730024,68,8,3,4409,2698
730025,730025,68,8,3,3261,2033
730026,730026,67,8,3,4194,2801
730027,730027,67,8,3,3827,2345
730028,730028,68,8,3,4044,2357
730029,730029,67,8,3,5207,3440
730030,730030,67,8,3,3106,1905
730031,730031,68,8,3,6069,4188
730032,730032,68,8,3,3320,2300
730033,730033,68,8,3,1606,1083
730034,730034,68,8,3,2439,1833
730036,730036,68,8,3,2990,2158
730037,730037,68,8,3,759,550
740001,740001,77,9,3,2540,1845
740002,740002,77,9,3,1816,1334
740003,740003,77,9,3,1449,1051
740004,740004,77,9,3,1481,1121
740005,740005,77,9,3,943,699
740006,740006,77,9,3,4490,3268
740007,740007,77,9,3,4193,3026
740008,740008,77,9,3,936,718
740009,740009,77,9,3,1002,749
740010,740010,77,9,3,1115,875
740011,740011,77,9,3,1388,1055
740012,740012,77,9,3,745,564
740013,740013,77,9,3,3059,2446
740014,740014,77,9,3,798,590
740015,740015,77,9,3,1226,975
740016,740016,77,9,3,2137,1520
740017,740017,77,9,3,996,755
740018,740018,77,9,3,1256,1011
740021,740021,78,9,3,2910,2231
740022,740022,78,9,3,1622,1180
740023,740023,78,9,3,3461,2753
740024,740024,78,9,3,861,672
740025,740025,78,9,3,381,269
740026,740026,78,9,3,2130,1445
740027,740027,78,9,3,2040,1546
740028,740028,78,9,3,3377,2419
740029,740029,78,9,3,4961,3362
740030,740030,78,9,3,2669,1930
740031,740031,78,9,3,7496,4953
740032,740032,78,9,3,2479,1911
741001,741001,70,8,3,2610,1835
741002,741002,70,8,3,332,249
746001,746001,70,8,3,1737,1329
746002,746002,70,8,3,4045,3136
746003,746003,70,8,3,1314,1033
746004,746004,70,8,3,5856,4477
746005,746005,70,8,3,2597,1909
746006,746006,70,8,3,7204,4987
746007,746007,70,8,3,4810,3661
746008,746008,70,8,3,4988,3854
746009,746009,70,8,3,3344,2639
746010,746010,70,8,3,3160,2500
746011,746011,70,8,3,1541,1215
746012,746012,70,8,3,1565,1206
751001,751001,62,8,3,13729,9695
751002,751002,62,8,3,6365,4282
751003,751003,62,8,3,6593,4711
751004,751004,62,8,3,4226,3063
751006,751006,62,8,3,6721,5105
751007,751007,63,8,3,5462,4000
751008,751008,63,8,3,8814,5703
751009,751009,62,8,3,3443,2708
751011,751011,62,8,3,3816,2955
751012,751012,62,8,3,3883,3030
751013,751013,62,8,3,3802,2872
751016,751016,63,8,3,463,363
751018,751018,63,8,3,5063,3629
751019,751019,63,8,3,3666,2791
751021,751021,65,8,3,14311,9133
751022,751022,64,8,3,3158,2357
751023,751023,64,8,3,6106,4030
751024,751024,63,8,3,5795,4306
751025,751025,63,8,3,4924,2039
751026,751026,63,8,3,4558,3089
751028,751028,63,8,3,6029,3664
751030,751030,63,8,3,3342,2533
751031,751031,63,8,3,548,410
751033,751033,63,8,3,2580,1818
751041,751041,65,8,3,14516,9919
751042,751042,64,8,3,9877,6942
751043,751043,64,8,3,11265,7428
751044,751044,64,8,3,1247,809
751045,751045,65,8,3,7611,6035
751047,751047,64,8,3,8204,6118
751048,751048,65,8,3,2669,2110
751049,751049,65,8,3,3672,2785
751050,751050,65,8,3,3646,2765
751051,751051,65,8,3,6142,4545
751053,751053,64,8,3,2206,1490
751055,751055,64,8,3,730,555
751056,751056,64,8,3,1443,1083
751061,751061,65,8,3,7910,5278
751062,751062,63,8,3,2479,1401
751063,751063,64,8,3,8794,5535
751064,751064,63,8,3,5018,3479
751065,751065,65,8,3,5936,4471
751066,751066,62,8,3,4645,3493
751067,751067,64,8,3,4822,3395
751068,751068,64,8,3,3157,2143
756001,756001,79,9,3,1781,1294
756002,756002,79,9,3,429,330
756003,756003,79,9,3,1845,1363
756004,756004,79,9,3,393,303
756005,756005,79,9,3,783,555
756006,756006,79,9,3,358,261
756007,756007,79,9,3,5358,3624
756008,756008,79,9,3,677,479
756009,756009,79,9,3,341,238
756010,756010,79,9,3,245,202
756011,756011,79,9,3,11690,7943
756012,756012,79,9,3,750,568
756013,756013,79,9,3,2381,1716
756014,756014,79,9,3,291,227
756015,756015,79,9,3,1799,1364
760001,760001,83,9,3,3765,2607
760002,760002,83,9,3,1028,756
760003,760003,83,9,3,440,305
760005,760005,83,9,3,741,541
760008,760008,83,9,3,629,452
760009,760009,83,9,3,1015,669
760010,760010,83,9,3,2499,1714
760012,760012,83,9,3,931,743
760013,760013,83,9,3,600,409
760014,760014,83,9,3,6932,4896
760016,760016,83,9,3,1109,801
760019,760019,83,9,3,593,426
760020,760020,83,9,3,547,411
760021,760021,83,9,3,1075,776
760022,760022,83,9,3,1142,793
760024,760024,83,9,3,5857,4047
760025,760025,83,9,3,963,728
760026,760026,83,9,3,585,450
760027,760027,83,9,3,1151,870
760028,760028,83,9,3,870,642
760030,760030,83,9,3,3697,2712
760031,760031,83,9,3,469,362
760032,760032,83,9,3,583,411
760033,760033,83,9,3,1846,1335
760035,760035,83,9,3,2189,1571
766001,766001,72,8,3,6072,4440
766002,766002,72,8,3,3013,2171
766003,766003,72,8,3,1539,1186
766004,766004,72,8,3,1186,942
766005,766005,72,8,3,462,370
766006,766006,72,8,3,992,773
766007,766007,72,8,3,3325,2476
766008,766008,72,8,3,590,475
766010,766010,72,8,3,1264,933
766011,766011,72,8,3,1066,804
766012,766012,72,8,3,1494,1039
766013,766013,72,8,3,1250,964
766014,766014,72,8,3,1161,857
766015,766015,72,8,3,1720,1334
766016,766016,72,8,3,91,77
766017,766017,72,8,3,1048,811
766018,766018,72,8,3,388,292
766019,766019,72,8,3,577,442
766020,766020,72,8,3,1351,1023
766021,766021,72,8,3,2244,1557
766022,766022,72,8,3,1194,869
766023,766023,72,8,3,599,463
766024,766024,72,8,3,729,555
766025,766025,72,8,3,342,250
773001,773001,87,10,3,634,440
773002,773002,87,10,3,484,344
773003,773003,87,10,3,309,236
773004,773004,87,10,3,465,347
773005,773005,87,10,3,319,240
773006,773006,87,10,3,298,227
773007,773007,87,10,3,704,477
773008,773008,87,10,3,502,380
773009,773009,87,10,3,664,513
773010,773010,87,10,3,470,341
773011,773011,87,10,3,463,336
773012,773012,87,10,3,656,489
773013,773013,87,10,3,653,461
773014,773014,87,10,3,685,451
773015,773015,87,10,3,483,350
773016,773016,87,10,3,496,368
773017,773017,87,10,3,507,372
773018,773018,87,10,3,7111,4771
779001,779001,74,9,3,6126,3768
779002,779002,74,9,3,4943,3561
779003,779003,74,9,3,5212,3617
779004,779004,74,9,3,2998,2166
779005,779005,74,9,3,1034,747
779006,779006,74,9,3,629,456
779007,779007,74,9,3,729,538
779008,779008,74,9,3,556,421
779009,779009,74,9,3,695,477
779010,779010,74,9,3,1115,777
779011,779011,74,9,3,1539,1135
779012,779012,74,9,3,1109,745
779013,779013,74,9,3,1774,1249
779014,779014,74,9,3,1256,899
779015,779015,74,9,3,1298,911
779016,779016,74,9,3,1383,1062
779017,779017,74,9,3,601,460
779018,779018,74,9,3,1063,772
779019,779019,74,9,3,739,528
779020,779020,74,9,3,642,492
787001,787001,87,10,3,7056,4527
787002,787002,87,10,3,909,658
787003,787003,87,10,3,731,505
787004,787004,87,10,3,733,495
787005,787005,87,10,3,490,362
787006,787006,87,10,3,1188,837
787007,787007,87,10,3,964,692
787008,787008,87,10,3,1079,778
787009,787009,87,10,3,470,336
787010,787010,87,10,3,1535,1082
787011,787011,87,10,3,302,237
787012,787012,87,10,3,3095,2220
787013,787013,87,10,3,321,242
787014,787014,87,10,3,452,360
787015,787015,87,10,3,879,632
787016,787016,87,10,3,832,574
787017,787017,87,10,3,1491,1023
787018,787018,87,10,3,702,483
787019,787019,87,10,3,678,537
787020,787020,87,10,3,830,584
787021,787021,87,10,3,226,171
787023,787023,87,10,3,1641,1127
787024,787024,87,10,3,2611,1829
787025,787025,87,10,3,1407,954
787026,787026,87,10,3,1305,978
787027,787027,87,10,3,872,646
791001,791001,75,9,3,2425,1682
791002,791002,75,9,3,2486,1891
791003,791003,75,9,3,2611,1829
791004,791004,75,9,3,2601,1976
791005,791005,75,9,3,1785,1270
791006,791006,75,9,3,2511,1759
791007,791007,75,9,3,1667,1241
791008,791008,75,9,3,21705,13899
791009,791009,76,9,3,5303,3772
791010,791010,76,9,3,2140,1525
791011,791011,76,9,3,1787,1265
791012,791012,76,9,3,3503,2410
791013,791013,76,9,3,9231,6719
791014,791014,76,9,3,2579,1849
791015,791015,76,9,3,2388,1792
791016,791016,76,9,3,2784,1977
791017,791017,76,9,3,2359,1688
810001,810001,86,10,3,687,484
810002,810002,86,10,3,1423,1013
810003,810003,86,10,3,3861,2654
810004,810004,86,10,3,1013,697
810005,810005,86,10,3,3213,2360
810006,810006,86,10,3,1476,1089
810010,810010,86,10,3,9477,6401
810034,810034,86,10,3,490,364
810040,810040,86,10,3,907,661
810050,810050,86,10,3,1178,818
810056,810056,86,10,3,504,368
810070,810070,86,10,3,1863,1279
810080,810080,86,10,3,657,498
813001,813001,84,10,3,6437,4303
813002,813002,84,10,3,121,100
813003,813003,84,10,3,1471,1087
813004,813004,84,10,3,733,548
813005,813005,84,10,3,1301,974
813006,813006,84,10,3,1912,1399
813007,813007,84,10,3,4836,3203
813008,813008,84,10,3,8018,4961
813009,813009,84,10,3,5491,3825
813010,813010,84,10,3,1453,1047
813011,813011,84,10,3,1445,1107
813012,813012,84,10,3,7211,5049
813013,813013,84,10,3,353,272
813014,813014,84,10,3,871,574
813015,813015,84,10,3,673,470
813016,813016,84,10,3,363,257
813017,813017,84,10,3,595,410
813018,813018,84,10,3,440,334
813019,813019,84,10,3,620,434
813020,813020,84,10,3,536,360
813021,813021,84,10,3,1414,972
813022,813022,84,10,3,457,354
820001,820001,88,10,3,3013,1945
820002,820002,88,10,3,3574,2362
820003,820003,88,10,3,617,445
820004,820004,88,10,3,6830,4726
820005,820005,88,10,3,1300,881
820006,820006,88,10,3,859,611
820007,820007,88,10,3,1431,961
820008,820008,88,10,3,1324,846
820009,820009,88,10,3,835,592
820010,820010,88,10,3,3930,2602
820011,820011,88,10,3,1403,940
820012,820012,88,10,3,1043,688
820013,820013,88,10,3,741,509
820014,820014,88,10,3,678,503
825015,825015,84,10,3,1500,1018
840001,840001,88,10,3,6098,4514
840002,840002,88,10,3,3161,2423
840003,840003,88,10,3,1746,1273
840004,840004,88,10,3,2041,1463
840005,840005,88,10,3,2176,1555
840006,840006,88,10,3,979,658
840007,840007,88,10,3,1397,1053
840008,840008,88,10,3,1238,853
840009,840009,88,10,3,679,519
840010,840010,88,10,3,1157,831
840011,840011,88,10,3,514,371
846002,846002,89,10,3,1847,1325
846003,846003,89,10,3,3147,2259
846004,846004,89,10,3,2867,1958
846008,846008,89,10,3,1640,1196
846009,846009,89,10,3,1777,1264
846011,846011,89,10,3,5238,3658
846014,846014,89,10,3,882,639
846018,846018,89,10,3,1952,1359
846020,846020,89,10,3,2616,1911
846022,846022,89,10,3,1689,1190
846027,846027,89,10,3,8039,5392
849001,849001,86,10,3,4449,3228
849002,849002,86,10,3,1464,1080
849003,849003,86,10,3,1134,908
849004,849004,86,10,3,1012,757
849005,849005,86,10,3,936,688
849006,849006,86,10,3,517,368
849007,849007,86,10,3,467,344
849008,849008,86,10,3,2278,1559
849009,849009,86,10,3,1093,818
849010,849010,86,10,3,523,368
849011,849011,86,10,3,875,613
849012,849012,86,10,3,1257,908
849013,849013,86,10,3,3262,2165
849014,849014,86,10,3,1017,682
849015,849015,86,10,3,784,532
849016,849016,86,10,3,954,650
849018,849018,86,10,3,2492,1654
849019,849019,86,10,3,2237,1551
849020,849020,86,10,3,1335,1053
849021,849021,86,10,3,989,738
851003,851003,92,10,3,9440,5960
851005,851005,92,10,3,8029,4922
851007,851007,92,10,3,2196,1602
851010,851010,92,10,3,5128,3655
851011,851011,92,10,3,5323,3760
851014,851014,91,10,3,4097,2532
851015,851015,91,10,3,6562,3788
851016,851016,92,10,3,10817,6373
851017,851017,91,10,3,6305,4265
851018,851018,91,10,3,3929,2682
851019,851019,91,10,3,9432,6888
851022,851022,91,10,3,3838,2791
851024,851024,91,10,3,5287,3715
851027,851027,90,10,3,9136,5504
851029,851029,90,10,3,9420,5793
851030,851030,90,10,3,5293,3548
851031,851031,90,10,3,6160,4156
851032,851032,90,10,3,3098,2167
851033,851033,90,10,3,3478,2639
851034,851034,90,10,3,6395,4629
851035,851035,90,10,3,4357,3213
851038,851038,91,10,3,2495,1801
851040,851040,90,10,3,5414,3193
851043,851043,92,10,3,4347,3033
851044,851044,92,10,3,3618,2568
851046,851046,92,10,3,1110,744
851047,851047,91,10,3,4957,3550
851052,851052,91,10,3,1591,1118
851056,851056,90,10,3,1604,1089
851058,851058,90,10,3,1964,1434
851061,851061,90,10,3,3768,2576
860001,860001,85,10,3,1438,1025
860003,860003,85,10,3,4429,2838
860004,860004,85,10,3,8754,5483
860006,860006,85,10,3,1369,1012
860007,860007,85,10,3,1329,911
860008,860008,85,10,3,1281,919
860011,860011,85,10,3,2604,1735
860012,860012,85,10,3,1408,917
860013,860013,85,10,3,1283,979
860014,860014,85,10,3,1268,996
860015,860015,85,10,3,3792,2817
860016,860016,85,10,3,4640,3146
860018,860018,85,10,3,2760,1890
860019,860019,85,10,3,3238,2121
860020,860020,85,10,3,875,630
860021,860021,85,10,3,2315,1601
860022,860022,85,10,3,2804,1853
860023,860023,85,10,3,896,648
860026,860026,85,10,3,983,688
860027,860027,85,10,3,800,579
860028,860028,85,10,3,1159,806
